{"cameraMode":{"drawMode":0,"name":"Shaded","section":"Shading Mode"},"sceneLighting":false,"audioPlay":false,"sceneViewState":{"m_AlwaysRefresh":false,"showFog":true,"showSkybox":false,"showFlares":true,"showImageEffects":true,"showParticleSystems":true,"showVisualEffectGraphs":true,"m_FxEnabled":true},"in2DMode":false,"pivot":{"x":0.000050067901611328125,"y":0.5717888474464417,"z":-0.165391206741333},"rotation":{"x":-0.09022630751132965,"y":0.9017692804336548,"z":-0.3552829325199127,"w":-0.22901040315628053},"size":1.9172792434692383,"orthographic":true}