{"cameraMode":{"drawMode":0,"name":"Shaded","section":"Shading Mode"},"sceneLighting":false,"audioPlay":false,"sceneViewState":{"m_AlwaysRefresh":false,"showFog":true,"showSkybox":false,"showFlares":true,"showImageEffects":true,"showParticleSystems":true,"showVisualEffectGraphs":true,"m_FxEnabled":true},"in2DMode":false,"pivot":{"x":0.012237310409545899,"y":1.9604463577270508,"z":0.06051522493362427},"rotation":{"x":-0.09022630751132965,"y":0.9017692804336548,"z":-0.3552829325199127,"w":-0.22901040315628053},"size":2.2405905723571779,"orthographic":true}